测试,1368
经验,458
工作,396
能力,354
熟悉,350
开发,345
产品,286
自动化,277
相关,252
项目,252
优先,241
设计,230
负责,229
and,226
系统,192
团队,177
编写,170
分析,167
需求,163
技术,157
质量,149
测试用例,145
良好,144
性能,142
流程,141
具有,139
问题,136
要求,135
软件测试,135
沟通,134
测试工具,131
专业,129
参与,119
具备,115
根据,114
使用,109
框架,102
test,102
制定,101
任职,100
in,98
to,95
of,94
熟练,93
学习,92
测试计划,88
跟踪,83
工具,82
效率,81
软件,81
本科学历,80
脚本,78
提高,78
完成,77
管理,77
方法,76
合作,75
平台,74
文档,73
业务,72
方案,72
过程,71
至少,70
优化,68
Linux,67
能够,67
一种,66
代码,64
岗位职责,63
Java,63
精通,62
计算机相关,62
with,62
应用,62
独立,62
包括,60
职责,60
规范,59
Python,59
资格,59
the,58
测试报告,57
提升,57
功能,56
语言,56
互联网,55
移动,55
了解,55
研发,54
集成,54
解决,53
操作系统,53
数据库,52
3年,51
精神,51
缺陷,51
熟练掌握,50
测试环境,49
计算机,49
定位,49
岗位,48
基础,48
Experience,48
结果,47
维护,47
保证,47
提出,47
较强,47
testing,46
职位,45
理论,45
评审,45
其他,44
shell,44
C++,44
实施,43
接口,43
掌握,43
experience,43
持续,43
学历,43
脚本语言,42
解决问题,41
数据,41
搭建,41
or,40
编程,40
2年,40
协作,39
测试方法,39
责任心,38
功能测试,37
评估,37
python,37
推动,36
架构,36
或者,35
Android,34
for,34
years,34
压力,34
用户,34
快速,34
skills,33
实现,33
领域,33
工程师,32
人员,32
积极主动,32
表达能力,31
研究,31
安全,31
本科,31
理解,31
软件开发,31
高效,30
on,30
网络,30
指导,30
用例,30
bug,30
定位问题,29
主流,29
合理,29
风险,29
环境,29
5年,29
发现,28
单元测试,28
提交,28
知识,28
一定,28
组织,28
验证,28
Unix,27
实际,27
基本,27
产品质量,27
Shell,27
描述,27
丰富,26
计划,26
编程语言,26
算法,26
web,26
linux,26
特点,26
白盒,25
方面,25
善于,25
协助,25
team,25
逻辑思维,25
automation,25
意见,24
意识,24
通过,24
构建,24
常用,24
分析测试,24
java,24
一门,24
解决方案,23
强烈,23
有效,23
培训,23
客户,22
BUG,22
is,22
自动测试,22
原理,22
任务,22
配置,22
Selenium,22
as,22
支撑,22
考虑,22
development,22
确保,21
开发人员,21
报告,21
建议,21
经理,21
work,20
统招,20
Ability,20
方向,20
软件工程,20
体验,20
Bug,20
协调,20
规划,20
公司,20
iOS,19
监控,19
服务,19
提供,19
整个,19
发布,19
多种,19
using,19
运用,19
部署,19
质量保证,19
兴趣,19
1年,19
大型,19
be,19
热爱,19
SQL,19
Oracle,18
各种,18
管理工作,18
Web,18
defect,18
交付,18
存储,18
内容,18
反馈,18
工程,18
客户端,18
全面,17
策略,17
严谨,17
和度,17
逻辑,17
深入,17
system,17
运营,17
稳定性,17
浓厚,16
背景,16
标准,16
cases,16
communication,16
总结,16
控制,16
including,16
技巧,16
management,16
手机,15
程序,15
技能,15
服务端,15
通信,15
LTE,15
带领,15
设备,15
主动,15
复杂,15
android,15
automated,15
场景,15
产品软件,14
openstack,14
两年,14
创新,14
working,14
requirements,14
三年,14
敏捷,14
扎实,14
systems,14
开源,14
PHP,14
软件产品,14
满足,14
required,14
分布式,14
tools,14
经历,14
责任感,14
电子,14
software,14
完善,13
撰写,13
部门,13
Knowledge,13
车载,13
协议,13
测试代码,13
Perl,13
performance,13
Test,13
数据结构,13
需要,13
工作效率,13
验收,13
兼容性,13
努力,13
追踪,13
操作,13
情况,12
模式,12
适应,12
百度,12
project,12
运维,12
IOS,12
environment,12
前端,12
硬件,12
符合,12
条件,12
不断,12
整体,12
输出,12
态度,12
并且,12
思维,12
CRM,12
validation,12
new,11
不同,11
排错,11
一起,11
抗压,11
案例,11
相应,11
English,11
perl,11
渗透,11
全日制,11
电池,11
帮助,11
模块,11
IT,11
正规,11
Ruby,11
调优,11
分配,11
JAVA,11
design,11
plans,11
通讯,11
迭代,11
battery,11
覆盖率,11
MySQL,11
测试数据,11
建设,11
基于,11
语句,11
will,11
内部,11
UI,11
积极,11
Work,10
可测性,10
其中,10
生命周期,10
have,10
计算机软件,10
plus,10
无线,10
Windows,10
合适,10
积极思考,10
IP,10
不断创新,10
按照,10
equivalent,10
热情,10
an,10
Testing,10
钻研,10
工作作风,10
TCP,10
管理工具,10
Excellent,10
领导,10
编制,10
资源,10
product,10
版本,10
Mysql,10
procedures,10
php,10
定义,10
tests,10
functional,10
function,10
Support,9
嵌入式,9
计算,9
成功,9
确认,9
思想,9
大学本科,9
推广,9
Develop,9
命令,9
sql,9
改善,9
记录,9
发展,9
技术支持,9
within,9
大规模,9
Job,9
讨论,9
调试,9
核心,9
底层,9
依据,9
评测,9
基础知识,9
方式,9
分享,9
金融,9
测试程序,9
处理,9
selenium,9
很强,9
测试项目,9
analysis,9
我们,9
自己,9
up,9
TE,9
回归,9
from,9
任意,9
产品线,9
国家,9
黑盒,9
细心,9
Engineer,9
接受,9
well,9
安装,9
problem,9
准确,9
技术创新,8
针对,8
收集,8
JavaScript,8
maintain,8
测试者,8
tool,8
Hadoop,8
report,8
C#,8
机器,8
分布式系统,8
成员,8
感受,8
承受,8
融入,8
虚拟化,8
交办,8
安全性,8
制订,8
驱动,8
保障,8
喜欢,8
销售,8
RD,8
提测,8
高校,8
that,8
10,8
multiple,8
从事,8
ruby,8
优秀,8
all,8
code,8
对比,8
documentation,8
J2EE,8
members,8
QTP,8
一年,8
信息,8
测试软件,8
Software,8
常见,8
projects,8
oracle,8
调研,8
自动,8
测系统,8
hands,8
追求,8
able,8
knowledge,8
processes,8
表达,8
MySql,8
both,8
可靠性,8
ios,8
Function,8
detail,8
是否,8
Agile,7
highly,7
RU,7
APP,7
对外,7
firmware,7
一个,7
preferred,7
analytical,7
团队精神,7
Driver,7
动态,7
manual,7
方案设计,7
承担,7
娱乐,7
打造,7
高质量,7
Engineering,7
比如,7
特性,7
box,7
分公司,7
tasks,7
量产,7
ERP,7
write,7
产品设计,7
产品开发,7
建立,7
模型,7
网络协议,7
通信工程,7
中间件,7
英语,7
c++,7
infrastructure,7
writing,7
Responsibilities,7
竞品,7
说明,7
辅助,7
毕业,7
solving,7
Jmeter,7
BMC,7
windows,7
耐心,7
搜索,7
are,7
javascript,7
阿里,7
固件,7
server,7
vendors,7
交流,7
支持,7
independently,7
配合,7
乐于,7
degree,7
app,7
this,7
process,7
high,7
服务器端,7
效果,7
扫描,7
安全漏洞,7
第三方,7
无线通讯,7
Radio,7
工科,7
有过,7
程序代码,7
computer,7
Jenkins,7
written,7
ability,7
初中级,7
做事,7
利用,7
激情,7
other,7
服务器,6
业界,6
详细,6
unix,6
主要,6
under,6
4年,6
改造,6
Working,6
各类,6
scripts,6
8年,6
水平,6
浓厚兴趣,6
培养,6
必要,6
动手,6
HTTP,6
敬业精神,6
can,6
Experienced,6
execute,6
手段,6
实践,6
所有,6
对系统,6
攻击,6
检查,6
execution,6
technologies,6
storage,6
图像,6
presentation,6
frameworks,6
风格,6
达到,6
文件,6
defects,6
跨部门,6
运作,6
Server,6
create,6
products,6
安排,6
演示,6
等级,6
...,6
robotium,6
by,6
无人,6
协同,6
junior,6
mobile,6
AI,6
issues,6
HTML,6
判断,6
involved,6
计算机网络,6
Qualifications,6
四级,6
语音,6
项目经理,6
related,6
our,6
quality,6
容量,6
目标,6
选型,6
Development,6
高度,6
高级,6
Strong,6
Good,6
etc,6
BDD,6
准备,6
较大,6
无线通信,6
Cucumber,6
网络安全,6
tomcat,6
变化,5
第一,5
可用性,5
审核,5
Continuous,5
修复,5
胜任,5
技术手段,5
end,5
methodology,5
简单,5
满意度,5
Requirements,5
项目管理,5
道德素质,5
API,5
身份,5
network,5
见解,5
SSD,5
探索,5
维和,5
willingness,5
oriented,5
企业,5
不良,5
WEB,5
scalable,5
日常,5
mandatory,5
improve,5
operating,5
安卓,5
细致,5
basic,5
专有,5
reports,5
品质,5
重复性,5
assigned,5
identify,5
candidate,5
北京,5
大型项目,5
specific,5
范围,5
基础设施,5
前后,5
分项,5
数据分析,5
support,5
各项,5
C语言,5
paced,5
MS,5
Required,5
本人,5
data,5
做好,5
填写,5
maintaining,5
教育,5
fixes,5
体系,5
App,5
遵守,5
conversion,5
金融业,5
equipment,5
达标,5
动为,5
外语水平,5
主持,5
review,5
多项,5
Independent,5
Leader,5
概要,5
带来,5
different,5
组件,5
价值观,5
tracking,5
accountable,5
选择,5
别的,5
硕士,5
verbal,5
Assurance,5
Skills,5
industry,5
开发工具,5
Bachelor,5
NVMe,5
富有,5
detailed,5
coverage,5
专业本科,5
关注,5
限于,5
保持良好,5
有白盒,5
KPI,5
strong,5
决策,5
活跃,5
各个,5
SW,5
sense,5
interpersonal,5
实践经验,5
整理,5
习惯,5
most,5
sector,5
挖掘,5
during,5
学士,5
交互,5
广告,5
单元,5
必备条件,5
紧密,5
engineers,5
准则,5
LoadRunner,5
遵照,5
methods,5
Familiar,5
Automation,5
fast,5
定期,5
line,5
程序设计,5
clear,5
associated,5
engineering,5
影响,5
挑战,5
学位,5
现有,5
Object,5
languages,5
power,5
Junit,5
理论知识,5
technical,5
具体,5
implement,5
地点,5
Driven,5
specifications,5
熟练地,5
按时,5
海量,5
英语水平,5
area,5
Review,5
信息安全,5
减少,5
法律法规,5
Jira,5
teams,5
PM,5
书面,5
高品质,5
档案,5
效能,5
保持,5
搜索引擎,5
时间,5
You,5
深刻理解,5
Product,5
认同,5
Spring,5
Have,5
stakeholders,5
认真,5
BIOS,5
项目组,5
预警,5
尤佳,4
Lead,4
Apache,4
品牌,4
HDFS,4
安防,4
solution,4
线下,4
direct,4
音视频,4
两项,4
机制,4
产生,4
successful,4
开展,4
Docker,4
organized,4
达成,4
verify,4
LR,4
清晰,4
工控,4
DB2,4
production,4
已有,4
Perform,4
格式,4
审计,4
集群,4
runner,4
TestNG,4
瓶颈,4
QC,4
ORACLE,4
Flash,4
广播,4
易用性,4
梳理,4
主人翁,4
拥有,4
几种,4
院校,4
best,4
电控,4
常用软件,4
自主,4
积累,4
procedure,4
分布式计算,4
testng,4
接触,4
Ensure,4
appium,4
使用手册,4
Html,4
分析仪器,4
执和,4
检测,4
承压,4
文字,4
proven,4
重现,4
Description,4
setting,4
daily,4
热衷,4
excellent,4
现场,4
架构设计,4
数据测试,4
advantage,4
HBase,4
运营商,4
充满,4
联网,4
understanding,4
monkeyrunner,4
一致性,4
影响力,4
such,4
compatibility,4
拓展,4
时执,4
布局,4
设计模式,4
Key,4
Scala,4
如综,4
如引,4
交换机,4
观念,4
accurately,4
mysql,4
不断完善,4
track,4
掌握业务,4
售后,4
black,4
强大,4
between,4
仪表,4
密切配合,4
最好,4
Provide,4
Storage,4
大专,4
市场,4
js,4
从业,4
功能设计,4
界面,4
稳定,4
direction,4
WAF,4
protocols,4
developing,4
担当,4
document,4
合理性,4
SDK,4
211,4
Git,4
适应能力,4
Project,4
jenkins,4
保质保量,4
把关,4
计算机科学,4
完备,4
渴望,4
播放,4
可用,4
embedded,4
mass,4
节奏,4
专业技能,4
go,4
熟悉业务,4
more,4
Labview,4
后台,4
诊断,4
Spark,4
lifecycle,4
比较,4
cross,4
motivated,4
创建,4
IPS,4
一项,4
Automate,4
产品规格,4
APPs,4
主导,4
功能性,4
validate,4
监督,4
part,4
信息工程,4
升级,4
响应,4
plan,4
落实,4
JS,4
服从,4
多样化,4
BU,4
开发技术,4
JIRA,4
set,4
Create,4
grey,4
熟知,4
故障,4
深度,4
手动,4
预先,4
levels,4
recent,4
LINUX,4
docker,4
POS,4
出具,4
难题,4
质疑,4
formal,4
OS,4
活动,4
MEM,4
主动性,4
verification,4
美术,4
CPU,4
UAT,4
系统分析,4
技术开发,4
3G,4
通信协议,4
manage,4
clients,4
effectively,4
支付,4
防火墙,4
Execute,4
Solid,4
出差,4
人工智能,4
date,4
乐观,4
CMCC,4
their,4
一些,4
instrumentation,4
严密,4
概念,4
人际交往,4
various,4
areas,4
Must,4
数据挖掘,4
非常,4
价值,4
手工,4
平板,4
包含,4
Design,4
把握,4
软件架构,4
relevant,4
environments,4
共同,4
Essential,4
申报,4
度量,4
reporting,4
测仪,4
区域,4
BI,4
BS,4
skill,4
加入,4
schedule,4
导航,4
地图,4
频谱,4
所属,4
Understand,4
4G,4
模拟,4
limited,3
dynamic,3
外委,3
relationships,3
聪明,3
Cases,3
谈判,3
collaborate,3
updates,3
GO,3
Involve,3
EEExecution,3
Commerce,3
事物,3
estimates,3
突发,3
提高效率,3
TDD,3
管理系统,3
Middleware,3
System,3
静态,3
五年,3
reported,3
执力,3
里面,3
软件系统,3
过云,3
achieve,3
一款,3
Necessary,3
ware,3
install,3
root,3
scripting,3
programming,3
事务,3
引入,3
validated,3
形态,3
Certified,3
CSS3,3
Appium,3
错误,3
perform,3
feedback,3
Proficient,3
hadoop,3
innovative,3
Validation,3
better,3
技术培训,3
SAS,3
提效,3
versus,3
网站,3
定制,3
创业,3
领悟,3
策划,3
有关,3
实时,3
re,3
实施者,3
部分,3
成都,3
++,3
Defect,3
priorities,3
electronic,3
总部,3
engagement,3
核心成员,3
账务,3
VMM,3
漏洞,3
感知,3
Coaching,3
Designing,3
ensure,3
QA,3
应用层,3
urgency,3
Restful,3
并发,3
Leaders,3
概念设计,3
pilot,3
阶段,3
面向对象编程,3
书写能力,3
全国,3
想法,3
Computer,3
proactive,3
ModelWork,3
之间,3
initiative,3
source,3
发送,3
replicate,3
flexible,3
子系统,3
调整,3
数据仓库,3
内核,3
TDS,3
Follow,3
Write,3
player,3
independent,3
取心,3
目的,3
HTML5,3
ownership,3
collaboratively,3
Manager,3
client,3
专科,3
GPRS,3
切换,3
智能,3
Soapui,3
5G,3
数据处理,3
agile,3
Confluence,3
Building,3
possible,3
细节,3
reusable,3
Day,3
下列,3
系统集成,3
steps,3
异常,3
Core,3
testers,3
eye,3
manufacturing,3
网络通信,3
limitation,3
Use,3
三种,3
软硬件,3
offer,3
failure,3
devices,3
商用,3
根本原因,3
expertise,3
role,3
company,3
长期,3
kvm,3
Linuxshell,3
PostgreSQL,3
严格,3
loadrunner,3
认真负责,3
jvm,3
基本操作,3
下属,3
minute,3
项目风险,3
Red,3
Define,3
current,3
同时,3
精确,3
change,3
导向,3
scenarios,3
criteria,3
Novell,3
ElasticSearch,3
路由,3
测试仪,3
iOSAndroid,3
Services,3
广告业务,3
Retail,3
质量体系,3
reviews,3
following,3
适合,3
Integration,3
Objective,3
Kafka,3
特色化,3
门下,3
关键,3
VPN,3
多功能,3
applications,3
SOPs,3
二次开发,3
思路,3
灵活,3
Assist,3
coaching,3
not,3
能源工业,3
Minimum,3
安全设备,3
承接,3
流利,3
防护,3
积极参与,3
assurance,3
unambiguous,3
直接,3
人数,3
通用,3
Api,3
交通,3
有大,3
Ensures,3
管控,3
1C,3
message,3
open,3
engineer,3
之一,3
PVT,3
闭环,3
white,3
speaking,3
Tomcat,3
continuous,3
gTest,3
11,3
同事,3
require,3
Knowledgeable,3
极强,3
VMWare,3
DB,3
BPS,3
正确性,3
shore,3
take,3
夜班,3
最终,3
基线,3
作品,3
地执,3
独立思考,3
插件,3
逻辑性,3
Recommend,3
安全事件,3
We,3
知识结构,3
大中型,3
closure,3
广泛,3
where,3
Experiences,3
督促,3
managing,3
notice,3
限制,3
spark,3
资格证书,3
learning,3
持续性,3
Analysts,3
WAP,3
调账,3
失败,3
存储设备,3
develop,3
全过程,3
weakness,3
大凤巢,3
SATA,3
without,3
NAS,3
jUnit,3
然后,3
Eclipse,3
角度,3
汽车,3
前瞻性,3
either,3
投标,3
办法,3
应急,3
游戏,3
redis,3
Interface,3
测试步骤,3
business,3
插画,3
jmeter,3
IntegrationKnowledge,3
ODM,3
Gherkin,3
complete,3
methodologies,3
Guide,3
WCDMA,3
Acceptance,3
fiddler,3
ideally,3
恢复,3
drivers,3
field,3
基站,3
you,3
文化,3
Participate,3
Beneficial,3
Xen,3
Involved,3
external,3
业务部门,3
executing,3
decisions,3
感兴趣,3
知名,3
擅长,3
small,3
IXIA,3
GUI,3
protractor,3
最新,3
分系统,3
Business,3
BDD3,3
Behavioural,3
周到,3
敢于,3
高性能,3
tester,3
Redis,3
operators,3
业务流程,3
UNIX,3
Loadrunner,3
science,3
duty,3
希望,3
strategies,3
有所,3
goal,3
regression,3
启动,3
几门,3
网络设备,3
个性,3
countermeasure,3
综合,3
developed,3
attitude,3
产出,3
framework,3
2G,3
医疗,3
录取,3
检索系统,3
Functionalities,3
operation,3
Reading,3
Hibernate,3
Desired,3
完整,3
beginning,3
关键词,3
number,3
存在,3
script,3
Testbed,3
least,3
福州,3
口头,3
软件工程学,3
LTEs,3
off,3
jquery,3
Bios,3
灰盒,3
几个,3
Subversion,3
重构,3
补充,3
特定,3
build,3
编码,3
工况,3
The,3
Hat,3
汇总,3
acceptance,3
数通,3
确定,3
competing,3
计算技术,3
culture,3
individual,3
机构,3
familiarity,3
assertive,3
conditions,3
available,3
creating,3
产品化,3
interfaces,3
mentoring,3
电压,3
出现,3
路由器,3
others,3
物件,3
禅道,3
对于,3
敏感性,3
describes,3
对云,3
高精,3
XML,3
关键技术,3
adaptable,3
执有,3
服务平台,3
used,3
排查,3
uses,3
implementation,3
organization,3
Tools,3
快节奏,3
光机电,3
Internet,3
经验丰富,3
transformation,3
同学,3
customers,3
nginx,3
同等,3
专用工具,3
essential,3
spring,3
对账,3
雷达,3
Websphere,3
proficient,3
integration,3
存储系统,3
deliverables,3
创作,3
pipeline,3
SpiraTest,3
专项,3
recreate,3
自我,3
analyze,3
多方面,3
contract,3
Load,3
defined,3
Tester,3
electrical,3
distributed,3
Implement,3
night,3
departments,3
At,3
独到,3
完美,3
识别,3
results,3
existing,3
咨询,3
Kubernetes,3
demonstrate,3
信赖,3
junit,3
resources,3
电信业务,3
automotive,3
理解能力,3
timely,3
可执,3
迅速,3
hive,3
assignments,3
呈现,3
访问,3
desired,3
meet,3
triage,3
Organizational,3
Cantata,3
加固,3
cloud,3
Monkey,3
Liaise,3
JSP,3
质量检查,3
brochure,3
control,3
do,3
端的,3
交换,3
prioritise,3
documenting,3
Wireshark,3
通晓,3
专家,3
many,3
通信业,3
特别,3
如下,3
customer,3
开朗,3
值得,3
结算,3
Attentive,3
客户关系,3
建模,3
更新,3
线后,3
static,3
Material,3
Maven,3
cause,3
maintains,3
release,3
approaches,3
Collaborate,3
collection,3
CSS,3
多个,3
retail,3
Electrical,3
monkey,3
overtime,3
表现,3
WMware,3
environmental,3
事业部,3
能强,3
updating,3
省级,3
软件缺陷,3
附加,3
好奇,3
applicant,3
Isolate,3
Other,3
which,3
competence,3
Builds,3
device,3
Pos,3
虚拟机,3
supported,3
加班,3
负责人,3
AndroidPos,3
致力于,3
LTELead,3
based,3
operational,3
线前,3
技术型,3
参加,3
Visualizer,3
2Perl,3
冲突,3
requirement,3
Scrum,3
identification,3
PE,3
progress,3
PL,3
efficiency,3
key,3
ISTQB,3
configuration,3
strongly,3
DVT,3
期待,3
若干,3
Propose,3
relying,3
停止,3
releasing,3
寻找,3
Demonstrate,3
业务学习,3
owns,3
大功率,3
制度,3
hardware,3
重要,3
standups,3
member,3
similarEffective,3
expand,3
加分,3
thought,3
Avalanche,3
command,3
外派,3
voltage,3
Analyze,3
GSM,3
西安,3
SLES,3
necessary,3
KVM,3
英文,3
985,3
专精,3
maven,3
调度,3
测试人员,3
SDLC,3
own,3
Writing,3
additional,3
样品,3
Ajax,3
Science,3
做过,3
but,3
CUC,3
外协,3
诚实,3
contribute,3
查询,3
小组,3
虚级化,3
Delivery,3
Page,3
Fluent,3
Very,3
NoSQL,2
出来,2
ENVIRONMENT,2
编译,2
面向对象,2
运中,2
安全隐患,2
Django,2
正常,2
关系,2
日程,2
rabbitmq,2
规格,2
Go,2
enhance,2
specs,2
报表,2
errors,2
终端,2
化有,2
语义,2
分析判断,2
翻译,2
不错,2
自然语言,2
unit,2
顺利完成,2
本科毕业,2
Configure,2
would,2
如售,2
Andriod,2
开局,2
就业,2
SUMMARY,2
Reproduce,2
phone,2
前台,2
join,2
团体,2
社区,2
Iaas,2
risk,2
preferably,2
travel,2
feature,2
统计算法,2
preferable,2
虚位,2
各个环节,2
summarize,2
网络攻击,2
X86,2
bootstrap,2
顺畅,2
光学,2
RESTfulAPI,2
office,2
账号,2
详尽,2
DDOS,2
Http,2
遇到,2
实际操作,2
认证,2
JOB,2
我司,2
fio,2
素质,2
Maintain,2
they,2
整改,2
规模,2
OpenPower,2
debug,2
side,2
工作人员,2
principles,2
VC,2
二到,2
peaks,2
路线,2
开发者,2
Word,2
大型软件,2
适当,2
从而,2
独立自主,2
分类,2
SAAS,2
mvc,2
Human,2
营销,2
指导性,2
到位,2
guidelines,2
步骤,2
SqlServer,2
MongoDB,2
Paas,2
预期,2
LAMP,2
TestManager,2
形成,2
尝试,2
object,2
成为,2
known,2
Quality,2
tech,2
enterprise,2
Flask,2
solutions,2
思考,2
周期,2
独自,2
Interrogation,2
前移,2
指标,2
编辑,2
健康,2
VoLTE,2
新兴,2
fields,2
architecture,2
Clearly,2
刻苦,2
Instrumentation,2
job,2
功底,2
说明书,2
求知欲,2
有着,2
重点,2
techniques,2
状态,2
Run,2
独当一面,2
approach,2
采用,2
更正,2
检验,2
国内安全,2
STREAM,2
loader,2
ETC,2
Board,2
对线,2
OpenStack,2
重量级,2
telecommunications,2
出色,2
保护,2
quickly,2
JSON,2
entered,2
并加,2
服务化,2
CA,2
凤巢,2
仪器仪表,2
CQ,2
CP,2
Manage,2
用途,2
air,2
写出,2
代表,2
期望,2
创新性,2
Tele,2
研讨会,2
踏实,2
SQLserver,2
办事处,2
后期,2
成型,2
日志,2
Setup,2
理论体系,2
dubbo,2
VR,2
电信业,2
几项,2
双证,2
正确,2
Position,2
勇于,2
Database,2
给出,2
全球,2
样板,2
结构,2
Taking,2
电脑,2
CCNP,2
Mongo,2
自测,2
JUnit,2
XSS,2
beneficial,2
deal,2
网关,2
系统实施,2
total,2
JMS,2
发展期,2
试验,2
基础架构,2
或类,2
基本原理,2
Daily,2
peer,2
支付宝,2
概括,2
H5,2
JBoss,2
流畅性,2
efforts,2
managers,2
git,2
way,2
元素,2
HP,2
少量,2
视频,2
REQUIREMENTS,2
Solaris,2
开发方法,2
wireless,2
建设性,2
问题所在,2
DNS,2
Requirement,2
consultants,2
inside,2
发版,2
Electronic,2
性格开朗,2
多线程,2
internal,2
SQLite,2
no,2
excel,2
Cloudy,2
redesigns,2
用于,2
node,2
数据业务,2
更好,2
授权,2
NCSI,2
发掘,2
Principal,2
decision,2
concepts,2
执并,2
focus,2
模电,2
数据完整性,2
technique,2
网络流量,2
潜在,2
内外,2
word,2
FIO,2
健壮性,2
跳转,2
技术人员,2
电子邮件,2
Jdbc,2
灵活运用,2
iperf,2
hdfs,2
一般性,2
postman,2
参考,2
电信,2
mr,2
Struts2,2
apache,2
注意力,2
全站,2
trial,2
MQ,2
海报,2
Bugfree,2
外部,2
CISP,2
信息化,2
iphone,2
无线网络,2
实施规划,2
科幻,2
中有,2
流量,2
系统安全,2
各种类型,2
ClearQuest,2
优缺点,2
making,2
嵌入,2
mongo,2
Issue,2
s3,2
总体,2
hyperV,2
预测,2
Robustness,2
REST,2
uinx,2
Probe,2
fluent,2
Flexibility,2
充满热情,2
definitions,2
Angular,2
结论,2
头脑灵活,2
stability,2
透彻,2
名称,2
估计,2
而是,2
测试日志,2
售前,2
resource,2
possess,2
workload,2
手绘,2
TOPIC,2
业务知识,2
domain,2
重度,2
改推,2
深入研究,2
contributor,2
原型,2
year,2
Learned,2
集合,2
Jmeters,2
软件设计,2
评价性,2
清洗,2
care,2
UIAutomation,2
Being,2
制作,2
员工,2
体系结构,2
spoken,2
洞察力,2
Detail,2
严于律已,2
improvements,2
given,2
之下,2
投资,2
Servlet,2
User,2
首选,2
Drozer,2
数据传输,2
企业应用,2
representing,2
than,2
J750,2
13,2
12,2
Qtp,2
突破,2
检讨,2
ant,2
Field,2
2CAcarrier,2
工作量,2
单个,2
详细分析,2
any,2
一系列,2
智能手机,2
isolate,2
potential,2
攻防,2
trace,2
理工科,2
沟通交流,2
组成员,2
Photoshop,2
drive,2
原因,2
类产品,2
certification,2
Research,2
概率分析,2
title,2
标签,2
Wi,2
手百,2
dynamodb,2
职业道德,2
更加,2
soapui,2
检索,2
每日,2
组织协调,2
虚拟,2
例如,2
versions,2
Firewall,2
逆向,2
简历,2
总结性,2
阡陌,2
Location,2
rmi,2
Extensive,2
tackling,2
subsequent,2
webshpere,2
评价,2
控制线,2
适配,2
原量,2
二类,2
成熟,2
三到,2
according,2
Tcp,2
认识,2
Individual,2
绕过,2
重大,2
ZigBee,2
精益求精,2
exploit,2
Compuware,2
注册,2
RESTful,2
一条,2
专业知识,2
蜂巢,2
these,2
肯干,2
注重,2
supervision,2
系统结构,2
bugzilla,2
7年,2
html,2
解答,2
Readiness,2
driven,2
多多,2
IC,2
注入,2
SDS,2
Ip,2
SPECCPU,2
交易,2
愿意,2
SDN,2
SDH,2
调测,2
与度,2
负责管理,2
气质,2
视野,2
weekly,2
Analyse,2
instrument,2
SVN,2
aspects,2
read,2
掌控,2
演习,2
Hack,2
DECISION,2
Struts,2
紧急,2
Master,2
Net,2
音箱,2
微电子,2
例子,2
持有,2
ATCA,2
个性化,2
作出,2
Proven,2
practical,2
开台,2
IAAS,2
badcase,2
隐患,2
Robotium,2
空间,2
观察,2
log,2
统计分析,2
webdriver,2
高度负责,2
level,2
proactively,2
define,2
ab,2
ibatis,2
at,2
射频,2
高质,2
4.1,2
客观,2
React,2
AppScan,2
PXE,2
sspring,2
主机,2
Practical,2
DubboX,2
Negotiation,2
极客,2
Runner,2
便于,2
痕量,2
关卡,2
职业,2
原生,2
SIT,2
sca,2
系列,2
海外,2
趋势,2
国内,2
program,2
控系统,2
adapt,2
热心,2
Bachelors,2
极大,2
实地,2
六年,2
Impact,2
很大,2
模式分析,2
为线,2
what,2
更佳,2
Httpclient,2
POSITION,2
常见问题,2
出众,2
中级,2
三个,2
统计,2
action,2
Javascript,2
认真细致,2
网管,2
analyzing,2
中间品,2
Creating,2
增长,2
作为,2
网安,2
Webapp,2
电子相关,2
充分,2
Router,2
其它,2
SCOPE,2
计算机专业,2
IBM,2
minimum,2
开发计划,2
information,2
needs,2
控力,2
一家,2
css,2
3JavaScript,2
措施,2
Gradle,2
说服,2
UDP,2
short,2
统筹,2
Deep,2
SOL,2
through,2
芯片,2
Supplier,2
WebApp,2
电商,2
developer,2
解释器,2
URL,2
troubleshoot,2
capability,2
主要职责,2
业务培训,2
Ready,2
角色,2
SpringMVC,2
局限,2
高速,2
measurement,2
ADAS,2
health,2
Report,2
预防,2
网页,2
顺利,2
介入,2
generate,2
引领,2
沟通了解,2
和展,2
页面,2
宣传,2
图像识别,2
UIAutomator,2
station,2
办公,2
借助,2
weblogic,2
gpp,2
store,2
signaling,2
ITIL,2
现象,2
Technologist,2
restful,2
debugging,2
按规定,2
Operation,2
规范性,2
程序开发,2
self,2
Fullstack,2
多条,2
内建,2
3D,2
Groovy,2
departmental,2
不是,2
EJB,2
等等,2
规定,2
OTN,2
修订,2
测量,2
按计划,2
DBUnit,2
插图,2
Rational,2
networks,2
completion,2
iBatis,2
引擎,2
Masters,2
Webinspect,2
汇聚,2
Code,2
Responsibility,2
closely,2
BigTable,2
闪存,2
入网,2
痛点,2
材料,2
Bluetooth,2
recommendations,2
信息系统,2
数电,2
提取,2
按期,2
表述,2
分工,2
空中,2
高效率,2
大量,2
Optimization,2
保障系统,2
interface,2
复核,2
PAAS,2
load,2
Jemeter,2
802.16,2
802.11,2
到达,2
strategy,2
局限于,2
Card,2
责任,2
Switch,2
objectC,2
公检法,2
Feed,2
Expertise,2
仔细阅读,2
先知,2
保证数据,2
V93K,2
JVM,2
增量,2
短期,2
思考问题,2
多角度,2
吃苦耐劳,2
FAQ,2
成果,2
结合,2
极致,2
IaaS,2
展开,2
IMPACT,2
user,2
Mesos,2
General,2
schedules,2
发挥,2
级别,2
售中,2
虚拟主机,2
CCIE,2
开发周期,2
aggregation,2
详细描述,2
创立,2
Testlink,2
OF,2
Identify,2
偏白盒,2
MAIN,2
JDM,2
Management,2
管理体系,2
Email,2
DEG,2
预判,2
汇报,2
准入,2
Nice,2
工具软件,2
计划性,2
离线,2
分流,2
appropriate,2
设计师,2
反复,2
vbscript,2
Backbone,2
自驱力,2
经营,2
Painter,2
资深,2
Github,2
辅助工具,2
scope,2
Beijing,2
ScalaTest,2
前期,2
控制软件,2
Dubbo,2
corrective,2
全新,2
influence,2
专门,2
Memory,2
参照,2
特征,2
遇事,2
到货,2
写作能力,2
TD,2
独特,2
Case,2
mongodb,2
problems,2
helping,2
Making,2
svn,2
有没有,2
foundry,2
流转,2
国际,2
实战经验,2
Mercury,2
国内外,2
Ios,2
Self,2
深厚,2
扩展性,2
具体情况,2
仿真,2
总监,2
爱好,2
顺利开展,2
规避,2
资料,2
开放,2
处置,2
管理体制,2
后端,2
Mock,2
带动,2
微信,2
立志,2
相互,2
纠正,2
zk,2
性强,2
抽象,2
齐全,2
vmware,2
optimize,2
Installations,2
3d,2
impact,2
精通业务,2
delivering,2
读写能力,2
车道,2
Accountable,2
冒烟,2
leadership,2
存储管理,2
FT,2
api,2
apply,2
Status,2
体会,2
use,2
devops,2
Base,2
得到,2
Fi,2
灵活处理,2
pathon,2
批处理,2
benchmark,2
MVC,2
rabbit,2
技术规范,2
敏感度,2
testability,2
reproduce,2
突发事件,2
运维者,2
NodeJS,2
CISSP,2
一体化,2
lamp,2
修正,2
Hive,2
HTTPS,2
monitoring,2
竞争力,2
服务器软件,2
成绩优秀,2
Communicate,2
hbase,2
录用,2
预线,2
全栈,2
IDS,2
或多门,2
Can,2
模板,2
工作者,2
persuasion,2
操作手册,2
identified,2
jQuery,2
终端产品,2
样例,2
生成,2
画面,2
轻易,2
手游,2
investigate,2
China,2
Troubleshoot,2
Robotframework,2
常用命令,2
链接,2
嵌入式软件,2
kafka,2
mybatis,2
managementPMP,2
Limitation,2
configure,2
典型,2
ipad,2
理念,2
微波,2
信令,2
推荐,2
accuracy,2
队员,2
视觉,2
aws,2
简而言之,2
preliminary,2
Risk,2
GFS,2
request,2
Actions,2
避免,2
分散,2
联调,2
Lessons,2
selection,2
私有,2
SQLServer,2
组网,2
UiAutomatorTestCase,2
Failure,2
overall,2
Yarn,2
XHTML,2
氛围,2
queries,2
WebPy,2
容器,2
Send,2
等同,2
对模型,2
本业,2
PS,2
PC,2
attention,2
Developing,2
always,2
或是,2
restassurd,2
书写,2
Log,2
区别,2
addition,2
teamwork,2
技术职称,2
端到,2
describe,2
Center,2
Align,2
构架,2
感觉,2
Equipment,2
某个,2
assessments,2
数据分析系统,2
系统化,2
Blog,2
XmlUnit,2
CDN,2
修改,2
前沿技术,2
保证质量,2
自学能力,2
临时,2
指出,2
Bean,2
面向,2
PPT,2
http,2
人物,2
每周,2
3GPP,2
市场动态,2
Ngix,2
completeness,2
直到,2
ARM,2
Volte,2
xen,2
顾问,2
尤其,2
素养,2
Be,2
RESPONSIBILITIES,2
调查取证,2
adb,2
曙光,2
usage,2
adherence,2
变现,2
值守,2
plsql,2
term,2
物料,2
决策控制,2
易维护性,2
record,2
CS,2
一定量,2
upgrades,2
Excel,2
失效,2
商业智能,2
读写,2
内部测试,2
Manipulation,2
数据中心,2
Robot,2
合理化,2
图像处理,2
服务质量,2
测评师,2
引业,2
Ceph,2
隔离,2
IDC,2
PMP,2
关注点,2
MAKING,2
落地,2
个人,2
程序化,2
TEs,2
小伙伴,2
对应,2
条件者,2
piece,2
销部,2
浏览器,2
执着,2
variety,2
boot,2
CC,2
他人,2
互相,2
关系数据库,2
accomplish,2
CSRF,2
实施方案,2
calabash,2
生态圈,2
负载,2
Tornado,2
他们,2
